"","participant","stimulus","advanced_by_fixation"
"1","DAVPIL4014","Stim_1_Counter_Sample.jpeg",1
"2","DAVPIL4014","Stim_1_Sample.jpeg",1
"3","DAVPIL4014","Stim_2_Counter_Sample.jpeg",1
"4","DAVPIL4014","Stim_2_Sample.jpeg",1
"5","DAVPIL4014","Stim_3_Counter_Sample.jpeg",1
"6","DAVPIL4014","Stim_3_Sample.jpeg",1
"7","DAVPIL4014","Stim_4_Counter_Sample.jpeg",1
"8","DAVPIL4014","Stim_4_Sample.jpeg",0
"9","DAVPIL4014","Stim_5_Counter_Sample.jpeg",0
"10","DAVPIL4014","Stim_5_Sample.jpeg",1
"11","DAVPIL4015","Stim_1_Counter_Sample.jpeg",1
"12","DAVPIL4015","Stim_1_Sample.jpeg",1
"13","DAVPIL4015","Stim_2_Counter_Sample.jpeg",0
"14","DAVPIL4015","Stim_2_Sample.jpeg",0
"15","DAVPIL4015","Stim_3_Counter_Sample.jpeg",0
"16","DAVPIL4015","Stim_3_Sample.jpeg",0
"17","DAVPIL4015","Stim_4_Counter_Sample.jpeg",1
"18","DAVPIL4015","Stim_4_Sample.jpeg",1
"19","DAVPIL4016","Stim_1_Counter_Sample.jpeg",1
"20","DAVPIL4016","Stim_1_Sample.jpeg",1
"21","DAVPIL4016","Stim_2_Counter_Sample.jpeg",1
"22","DAVPIL4016","Stim_2_Sample.jpeg",1
"23","DAVPIL4016","Stim_3_Counter_Sample.jpeg",1
"24","DAVPIL4016","Stim_3_Sample.jpeg",1
"25","DAVPIL4016","Stim_4_Counter_Sample.jpeg",0
"26","DAVPIL4016","Stim_4_Sample.jpeg",1
"27","DAVPIL4016","Stim_5_Counter_Sample.jpeg",1
"28","DAVPIL4016","Stim_5_Sample.jpeg",0
"29","DAVPIL4017","Stim_1_Counter_Sample.jpeg",0
"30","DAVPIL4017","Stim_1_Counter_Sample_Flipped.jpeg",0
"31","DAVPIL4017","Stim_1_Sample.jpeg",0
"32","DAVPIL4017","Stim_1_Sample_Flipped.jpeg",0
"33","DAVPIL4017","Stim_2_Counter_Sample.jpeg",0
"34","DAVPIL4017","Stim_2_Counter_Sample_Flipped.jpeg",0
"35","DAVPIL4017","Stim_2_Sample.jpeg",0
"36","DAVPIL4017","Stim_2_Sample_Flipped.jpeg",0
"37","DAVPIL4017","Stim_3_Counter_Sample.jpeg",0
"38","DAVPIL4017","Stim_3_Counter_Sample_Flipped.jpeg",0
"39","DAVPIL4017","Stim_3_Sample.jpeg",0
"40","DAVPIL4017","Stim_3_Sample_Flipped.jpeg",0
"41","DAVPIL4017","Stim_4_Counter_Sample.jpeg",0
"42","DAVPIL4017","Stim_4_Counter_Sample_Flipped.jpeg",0
"43","DAVPIL4017","Stim_4_Sample.jpeg",0
"44","DAVPIL4017","Stim_4_Sample_Flipped.jpeg",0
"45","DAVPIL4017","Stim_5_Counter_Sample.jpeg",0
"46","DAVPIL4017","Stim_5_Counter_Sample_Flipped.jpeg",0
"47","DAVPIL4017","Stim_5_Sample.jpeg",0
"48","DAVPIL4017","Stim_5_Sample_Flipped.jpeg",0
"49","DAVPIL4018","Stim_1_Counter_Sample.jpeg",1
"50","DAVPIL4018","Stim_1_Counter_Sample_Flipped.jpeg",1
"51","DAVPIL4018","Stim_1_Sample.jpeg",1
"52","DAVPIL4018","Stim_1_Sample_Flipped.jpeg",1
"53","DAVPIL4018","Stim_2_Counter_Sample.jpeg",1
"54","DAVPIL4018","Stim_2_Counter_Sample_Flipped.jpeg",1
"55","DAVPIL4018","Stim_2_Sample.jpeg",1
"56","DAVPIL4018","Stim_2_Sample_Flipped.jpeg",1
"57","DAVPIL4018","Stim_3_Counter_Sample.jpeg",1
"58","DAVPIL4018","Stim_3_Counter_Sample_Flipped.jpeg",1
"59","DAVPIL4018","Stim_3_Sample.jpeg",1
"60","DAVPIL4018","Stim_3_Sample_Flipped.jpeg",1
"61","DAVPIL4018","Stim_4_Counter_Sample.jpeg",1
"62","DAVPIL4018","Stim_4_Counter_Sample_Flipped.jpeg",1
"63","DAVPIL4018","Stim_4_Sample.jpeg",1
"64","DAVPIL4018","Stim_4_Sample_Flipped.jpeg",1
"65","DAVPIL4018","Stim_5_Counter_Sample.jpeg",1
"66","DAVPIL4018","Stim_5_Counter_Sample_Flipped.jpeg",1
"67","DAVPIL4018","Stim_5_Sample.jpeg",1
"68","DAVPIL4018","Stim_5_Sample_Flipped.jpeg",1
"69","DAVPIL4019","Stim_1_Counter_Sample.jpeg",1
"70","DAVPIL4019","Stim_1_Counter_Sample_Flipped.jpeg",1
"71","DAVPIL4019","Stim_1_Sample.jpeg",1
"72","DAVPIL4019","Stim_1_Sample_Flipped.jpeg",1
"73","DAVPIL4019","Stim_2_Counter_Sample.jpeg",1
"74","DAVPIL4019","Stim_2_Counter_Sample_Flipped.jpeg",1
"75","DAVPIL4019","Stim_2_Sample.jpeg",1
"76","DAVPIL4019","Stim_2_Sample_Flipped.jpeg",1
"77","DAVPIL4019","Stim_3_Counter_Sample.jpeg",1
"78","DAVPIL4019","Stim_3_Counter_Sample_Flipped.jpeg",1
"79","DAVPIL4019","Stim_3_Sample.jpeg",1
"80","DAVPIL4019","Stim_3_Sample_Flipped.jpeg",1
"81","DAVPIL4019","Stim_4_Counter_Sample.jpeg",0
"82","DAVPIL4019","Stim_4_Counter_Sample_Flipped.jpeg",1
"83","DAVPIL4019","Stim_4_Sample.jpeg",1
"84","DAVPIL4019","Stim_4_Sample_Flipped.jpeg",1
"85","DAVPIL4019","Stim_5_Counter_Sample.jpeg",1
"86","DAVPIL4019","Stim_5_Counter_Sample_Flipped.jpeg",1
"87","DAVPIL4019","Stim_5_Sample.jpeg",0
"88","DAVPIL4019","Stim_5_Sample_Flipped.jpeg",1
"89","DAVPIL4020","Stim_1_Counter_Sample.jpeg",1
"90","DAVPIL4020","Stim_1_Counter_Sample_Flipped.jpeg",1
"91","DAVPIL4020","Stim_1_Sample.jpeg",1
"92","DAVPIL4020","Stim_1_Sample_Flipped.jpeg",1
"93","DAVPIL4020","Stim_2_Counter_Sample.jpeg",1
"94","DAVPIL4020","Stim_2_Counter_Sample_Flipped.jpeg",1
"95","DAVPIL4020","Stim_2_Sample.jpeg",1
"96","DAVPIL4020","Stim_2_Sample_Flipped.jpeg",1
"97","DAVPIL4020","Stim_3_Counter_Sample.jpeg",1
"98","DAVPIL4020","Stim_3_Counter_Sample_Flipped.jpeg",1
"99","DAVPIL4020","Stim_3_Sample.jpeg",1
"100","DAVPIL4020","Stim_3_Sample_Flipped.jpeg",1
"101","DAVPIL4020","Stim_4_Counter_Sample.jpeg",1
"102","DAVPIL4020","Stim_4_Counter_Sample_Flipped.jpeg",1
"103","DAVPIL4020","Stim_4_Sample.jpeg",1
"104","DAVPIL4020","Stim_4_Sample_Flipped.jpeg",1
"105","DAVPIL4020","Stim_5_Counter_Sample.jpeg",1
"106","DAVPIL4020","Stim_5_Counter_Sample_Flipped.jpeg",1
"107","DAVPIL4020","Stim_5_Sample.jpeg",1
"108","DAVPIL4020","Stim_5_Sample_Flipped.jpeg",1
"109","DAVPIL4021","Stim_1_Counter_Sample.jpeg",1
"110","DAVPIL4021","Stim_1_Counter_Sample_Flipped.jpeg",1
"111","DAVPIL4021","Stim_1_Sample.jpeg",1
"112","DAVPIL4021","Stim_1_Sample_Flipped.jpeg",1
"113","DAVPIL4021","Stim_2_Counter_Sample.jpeg",1
"114","DAVPIL4021","Stim_2_Counter_Sample_Flipped.jpeg",1
"115","DAVPIL4021","Stim_2_Sample.jpeg",1
"116","DAVPIL4021","Stim_2_Sample_Flipped.jpeg",1
"117","DAVPIL4021","Stim_3_Counter_Sample.jpeg",1
"118","DAVPIL4021","Stim_3_Counter_Sample_Flipped.jpeg",1
"119","DAVPIL4021","Stim_3_Sample.jpeg",1
"120","DAVPIL4021","Stim_3_Sample_Flipped.jpeg",1
"121","DAVPIL4021","Stim_4_Counter_Sample.jpeg",1
"122","DAVPIL4021","Stim_4_Counter_Sample_Flipped.jpeg",1
"123","DAVPIL4021","Stim_4_Sample.jpeg",1
"124","DAVPIL4021","Stim_4_Sample_Flipped.jpeg",1
"125","DAVPIL4021","Stim_5_Counter_Sample.jpeg",1
"126","DAVPIL4021","Stim_5_Counter_Sample_Flipped.jpeg",1
"127","DAVPIL4021","Stim_5_Sample.jpeg",1
"128","DAVPIL4021","Stim_5_Sample_Flipped.jpeg",1
"129","DAVPIL4024","Stim_1_Counter_Sample.jpeg",1
"130","DAVPIL4024","Stim_1_Counter_Sample_Flipped.jpeg",1
"131","DAVPIL4024","Stim_1_Sample.jpeg",1
"132","DAVPIL4024","Stim_1_Sample_Flipped.jpeg",1
"133","DAVPIL4024","Stim_2_Counter_Sample.jpeg",1
"134","DAVPIL4024","Stim_2_Counter_Sample_Flipped.jpeg",1
"135","DAVPIL4024","Stim_2_Sample.jpeg",1
"136","DAVPIL4024","Stim_2_Sample_Flipped.jpeg",1
"137","DAVPIL4024","Stim_3_Counter_Sample.jpeg",1
"138","DAVPIL4024","Stim_3_Counter_Sample_Flipped.jpeg",1
"139","DAVPIL4024","Stim_3_Sample.jpeg",1
"140","DAVPIL4024","Stim_3_Sample_Flipped.jpeg",1
"141","DAVPIL4024","Stim_4_Counter_Sample.jpeg",1
"142","DAVPIL4024","Stim_4_Counter_Sample_Flipped.jpeg",0
"143","DAVPIL4024","Stim_4_Sample.jpeg",0
"144","DAVPIL4024","Stim_4_Sample_Flipped.jpeg",1
"145","DAVPIL4024","Stim_5_Counter_Sample.jpeg",1
"146","DAVPIL4024","Stim_5_Counter_Sample_Flipped.jpeg",0
"147","DAVPIL4024","Stim_5_Sample.jpeg",1
"148","DAVPIL4024","Stim_5_Sample_Flipped.jpeg",1
"149","DAVPIL4025","Stim_1_Counter_Sample.jpeg",1
"150","DAVPIL4025","Stim_1_Sample.jpeg",1
"151","DAVPIL4025","Stim_2_Counter_Sample.jpeg",1
"152","DAVPIL4025","Stim_2_Sample.jpeg",1
"153","DAVPIL4025","Stim_3_Counter_Sample.jpeg",1
"154","DAVPIL4025","Stim_3_Sample.jpeg",1
"155","DAVPIL4025","Stim_4_Counter_Sample.jpeg",1
"156","DAVPIL4025","Stim_4_Sample.jpeg",1
"157","DAVPIL4025","Stim_5_Counter_Sample.jpeg",1
"158","DAVPIL4025","Stim_5_Sample.jpeg",1
"159","DAVPIL4026","Stim_1_Counter_Sample.jpeg",1
"160","DAVPIL4026","Stim_1_Counter_Sample_Flipped.jpeg",1
"161","DAVPIL4026","Stim_1_Sample.jpeg",1
"162","DAVPIL4026","Stim_1_Sample_Flipped.jpeg",1
"163","DAVPIL4026","Stim_2_Counter_Sample.jpeg",1
"164","DAVPIL4026","Stim_2_Counter_Sample_Flipped.jpeg",1
"165","DAVPIL4026","Stim_2_Sample.jpeg",1
"166","DAVPIL4026","Stim_2_Sample_Flipped.jpeg",1
"167","DAVPIL4026","Stim_3_Counter_Sample.jpeg",1
"168","DAVPIL4026","Stim_3_Counter_Sample_Flipped.jpeg",1
"169","DAVPIL4026","Stim_3_Sample.jpeg",1
"170","DAVPIL4026","Stim_3_Sample_Flipped.jpeg",1
"171","DAVPIL4026","Stim_4_Counter_Sample.jpeg",1
"172","DAVPIL4026","Stim_4_Counter_Sample_Flipped.jpeg",1
"173","DAVPIL4026","Stim_4_Sample.jpeg",1
"174","DAVPIL4026","Stim_4_Sample_Flipped.jpeg",1
"175","DAVPIL4026","Stim_5_Counter_Sample.jpeg",0
"176","DAVPIL4026","Stim_5_Counter_Sample_Flipped.jpeg",1
"177","DAVPIL4026","Stim_5_Sample.jpeg",1
"178","DAVPIL4026","Stim_5_Sample_Flipped.jpeg",1
"179","DAVPIL4027","Stim_1_Counter_Sample.jpeg",0
"180","DAVPIL4027","Stim_2_Counter_Sample.jpeg",1
"181","DAVPIL4027","Stim_3_Counter_Sample.jpeg",1
"182","DAVPIL4027","Stim_4_Counter_Sample.jpeg",1
"183","DAVPIL4027","Stim_5_Counter_Sample.jpeg",1
"184","DAVPIL4028","Stim_1_Counter_Sample.jpeg",1
"185","DAVPIL4028","Stim_1_Counter_Sample_Flipped.jpeg",1
"186","DAVPIL4028","Stim_1_Sample.jpeg",1
"187","DAVPIL4028","Stim_2_Counter_Sample.jpeg",0
"188","DAVPIL4028","Stim_2_Counter_Sample_Flipped.jpeg",1
"189","DAVPIL4028","Stim_2_Sample.jpeg",1
"190","DAVPIL4028","Stim_3_Counter_Sample.jpeg",0
"191","DAVPIL4028","Stim_3_Counter_Sample_Flipped.jpeg",0
"192","DAVPIL4028","Stim_3_Sample.jpeg",1
"193","DAVPIL4028","Stim_4_Counter_Sample.jpeg",1
"194","DAVPIL4028","Stim_4_Counter_Sample_Flipped.jpeg",1
"195","DAVPIL4028","Stim_4_Sample.jpeg",1
"196","DAVPIL4028","Stim_5_Counter_Sample.jpeg",1
"197","DAVPIL4028","Stim_5_Counter_Sample_Flipped.jpeg",1
"198","DAVPIL4028","Stim_5_Sample.jpeg",1
"199","DAVPIL4029","Stim_1_Counter_Sample.jpeg",1
"200","DAVPIL4029","Stim_1_Counter_Sample_Flipped.jpeg",1
"201","DAVPIL4029","Stim_1_Sample.jpeg",1
"202","DAVPIL4029","Stim_1_Sample_Flipped.jpeg",1
"203","DAVPIL4029","Stim_2_Counter_Sample.jpeg",1
"204","DAVPIL4029","Stim_2_Counter_Sample_Flipped.jpeg",1
"205","DAVPIL4029","Stim_2_Sample.jpeg",1
"206","DAVPIL4029","Stim_2_Sample_Flipped.jpeg",1
"207","DAVPIL4029","Stim_3_Counter_Sample.jpeg",1
"208","DAVPIL4029","Stim_3_Counter_Sample_Flipped.jpeg",1
"209","DAVPIL4029","Stim_3_Sample.jpeg",1
"210","DAVPIL4029","Stim_3_Sample_Flipped.jpeg",0
"211","DAVPIL4029","Stim_4_Counter_Sample.jpeg",1
"212","DAVPIL4029","Stim_4_Counter_Sample_Flipped.jpeg",1
"213","DAVPIL4029","Stim_4_Sample.jpeg",1
"214","DAVPIL4029","Stim_4_Sample_Flipped.jpeg",1
"215","DAVPIL4029","Stim_5_Counter_Sample.jpeg",1
"216","DAVPIL4029","Stim_5_Counter_Sample_Flipped.jpeg",1
"217","DAVPIL4029","Stim_5_Sample.jpeg",1
"218","DAVPIL4029","Stim_5_Sample_Flipped.jpeg",1
"219","DAVPIL4031","Stim_1_Counter_Sample.jpeg",0
"220","DAVPIL4031","Stim_2_Counter_Sample.jpeg",0
"221","DAVPIL4031","Stim_3_Counter_Sample.jpeg",0
"222","DAVPIL4031","Stim_4_Counter_Sample.jpeg",0
"223","DAVPIL4031","Stim_5_Counter_Sample.jpeg",0
"224","DAVPIL4033","Stim_1_Counter_Sample.jpeg",1
"225","DAVPIL4033","Stim_2_Counter_Sample.jpeg",1
"226","DAVPIL4033","Stim_3_Counter_Sample.jpeg",1
"227","DAVPIL4033","Stim_4_Counter_Sample.jpeg",1
"228","DAVPIL4033","Stim_5_Counter_Sample.jpeg",1
"229","DAVPIL4034","Stim_1_Counter_Sample.jpeg",1
"230","DAVPIL4034","Stim_1_Sample.jpeg",1
"231","DAVPIL4034","Stim_2_Counter_Sample.jpeg",1
"232","DAVPIL4034","Stim_2_Sample.jpeg",1
"233","DAVPIL4034","Stim_3_Counter_Sample.jpeg",1
"234","DAVPIL4034","Stim_3_Sample.jpeg",1
"235","DAVPIL4034","Stim_4_Counter_Sample.jpeg",1
"236","DAVPIL4034","Stim_5_Counter_Sample.jpeg",1
"237","DAVPIL4035","Stim_1_Counter_Sample.jpeg",1
"238","DAVPIL4035","Stim_1_Sample.jpeg",1
"239","DAVPIL4035","Stim_2_Counter_Sample.jpeg",1
"240","DAVPIL4035","Stim_2_Sample.jpeg",1
"241","DAVPIL4035","Stim_3_Counter_Sample.jpeg",1
"242","DAVPIL4035","Stim_3_Sample.jpeg",1
"243","DAVPIL4035","Stim_4_Counter_Sample.jpeg",1
"244","DAVPIL4035","Stim_4_Sample.jpeg",1
"245","DAVPIL4035","Stim_5_Counter_Sample.jpeg",1
"246","DAVPIL4035","Stim_5_Sample.jpeg",1
"247","DAVPIL4036","Stim_1_Counter_Sample.jpeg",0
"248","DAVPIL4036","Stim_2_Counter_Sample.jpeg",1
"249","DAVPIL4036","Stim_3_Counter_Sample.jpeg",1
"250","DAVPIL4036","Stim_4_Counter_Sample.jpeg",0
"251","DAVPIL4036","Stim_5_Counter_Sample.jpeg",1
"252","DAVPIL4038","Stim_1_Counter_Sample.jpeg",1
"253","DAVPIL4038","Stim_2_Counter_Sample.jpeg",1
"254","DAVPIL4038","Stim_3_Counter_Sample.jpeg",1
"255","DAVPIL4038","Stim_4_Counter_Sample.jpeg",1
"256","DAVPIL4038","Stim_5_Counter_Sample.jpeg",1
"257","DAVPIL4039","Stim_1_Counter_Sample.jpeg",1
"258","DAVPIL4039","Stim_1_Counter_Sample_Flipped.jpeg",1
"259","DAVPIL4039","Stim_1_Sample.jpeg",1
"260","DAVPIL4039","Stim_2_Counter_Sample.jpeg",1
"261","DAVPIL4039","Stim_2_Counter_Sample_Flipped.jpeg",1
"262","DAVPIL4039","Stim_2_Sample.jpeg",1
"263","DAVPIL4039","Stim_3_Counter_Sample.jpeg",1
"264","DAVPIL4039","Stim_3_Counter_Sample_Flipped.jpeg",0
"265","DAVPIL4039","Stim_3_Sample.jpeg",1
"266","DAVPIL4039","Stim_4_Counter_Sample.jpeg",1
"267","DAVPIL4039","Stim_4_Counter_Sample_Flipped.jpeg",1
"268","DAVPIL4039","Stim_4_Sample.jpeg",1
"269","DAVPIL4039","Stim_5_Counter_Sample.jpeg",1
"270","DAVPIL4039","Stim_5_Counter_Sample_Flipped.jpeg",1
"271","DAVPIL4039","Stim_5_Sample.jpeg",1
"272","DAVPIL4041","Stim_1_Counter_Sample.jpeg",1
"273","DAVPIL4041","Stim_1_Counter_Sample_Flipped.jpeg",1
"274","DAVPIL4041","Stim_1_Sample.jpeg",1
"275","DAVPIL4041","Stim_1_Sample_Flipped.jpeg",0
"276","DAVPIL4041","Stim_2_Counter_Sample.jpeg",1
"277","DAVPIL4041","Stim_2_Counter_Sample_Flipped.jpeg",1
"278","DAVPIL4041","Stim_2_Sample.jpeg",0
"279","DAVPIL4041","Stim_2_Sample_Flipped.jpeg",1
"280","DAVPIL4041","Stim_3_Counter_Sample.jpeg",1
"281","DAVPIL4041","Stim_3_Counter_Sample_Flipped.jpeg",1
"282","DAVPIL4041","Stim_3_Sample.jpeg",0
"283","DAVPIL4041","Stim_3_Sample_Flipped.jpeg",1
"284","DAVPIL4041","Stim_4_Counter_Sample.jpeg",1
"285","DAVPIL4041","Stim_4_Counter_Sample_Flipped.jpeg",1
"286","DAVPIL4041","Stim_4_Sample.jpeg",0
"287","DAVPIL4041","Stim_4_Sample_Flipped.jpeg",1
"288","DAVPIL4041","Stim_5_Counter_Sample.jpeg",1
"289","DAVPIL4041","Stim_5_Counter_Sample_Flipped.jpeg",1
"290","DAVPIL4041","Stim_5_Sample.jpeg",1
"291","DAVPIL4041","Stim_5_Sample_Flipped.jpeg",1
"292","DAVPIL4042","Stim_1_Counter_Sample.jpeg",1
"293","DAVPIL4042","Stim_1_Sample.jpeg",0
"294","DAVPIL4042","Stim_2_Counter_Sample.jpeg",1
"295","DAVPIL4042","Stim_2_Sample.jpeg",1
"296","DAVPIL4042","Stim_3_Counter_Sample.jpeg",1
"297","DAVPIL4042","Stim_3_Sample.jpeg",1
"298","DAVPIL4042","Stim_4_Counter_Sample.jpeg",1
"299","DAVPIL4042","Stim_4_Sample.jpeg",1
"300","DAVPIL4042","Stim_5_Counter_Sample.jpeg",1
"301","DAVPIL4042","Stim_5_Sample.jpeg",1
"302","DAVPIL4043","Stim_1_Counter_Sample.jpeg",1
"303","DAVPIL4043","Stim_1_Sample.jpeg",1
"304","DAVPIL4043","Stim_2_Counter_Sample.jpeg",1
"305","DAVPIL4043","Stim_2_Sample.jpeg",1
"306","DAVPIL4043","Stim_3_Counter_Sample.jpeg",1
"307","DAVPIL4043","Stim_3_Sample.jpeg",1
"308","DAVPIL4043","Stim_4_Counter_Sample.jpeg",1
"309","DAVPIL4043","Stim_4_Sample.jpeg",1
"310","DAVPIL4043","Stim_5_Counter_Sample.jpeg",1
"311","DAVPIL4043","Stim_5_Sample.jpeg",1
"312","DAVPIL4044","Stim_1_Counter_Sample.jpeg",1
"313","DAVPIL4044","Stim_2_Counter_Sample.jpeg",1
"314","DAVPIL4044","Stim_3_Counter_Sample.jpeg",1
"315","DAVPIL4044","Stim_4_Counter_Sample.jpeg",1
"316","DAVPIL4044","Stim_5_Counter_Sample.jpeg",0
"317","DAVPIL4045","Stim_1_Counter_Sample.jpeg",1
"318","DAVPIL4045","Stim_2_Counter_Sample.jpeg",1
"319","DAVPIL4045","Stim_3_Counter_Sample.jpeg",1
"320","DAVPIL4045","Stim_4_Counter_Sample.jpeg",1
"321","DAVPIL4045","Stim_5_Counter_Sample.jpeg",0
"322","DAVPIL4046","Stim_1_Counter_Sample.jpeg",1
"323","DAVPIL4046","Stim_1_Counter_Sample_Flipped.jpeg",1
"324","DAVPIL4046","Stim_1_Sample.jpeg",1
"325","DAVPIL4046","Stim_2_Counter_Sample.jpeg",1
"326","DAVPIL4046","Stim_2_Counter_Sample_Flipped.jpeg",1
"327","DAVPIL4046","Stim_2_Sample.jpeg",1
"328","DAVPIL4046","Stim_3_Counter_Sample.jpeg",1
"329","DAVPIL4046","Stim_3_Counter_Sample_Flipped.jpeg",1
"330","DAVPIL4046","Stim_3_Sample.jpeg",1
"331","DAVPIL4046","Stim_4_Counter_Sample.jpeg",1
"332","DAVPIL4046","Stim_4_Counter_Sample_Flipped.jpeg",1
"333","DAVPIL4046","Stim_4_Sample.jpeg",1
"334","DAVPIL4046","Stim_5_Counter_Sample.jpeg",1
"335","DAVPIL4046","Stim_5_Counter_Sample_Flipped.jpeg",1
"336","DAVPIL4046","Stim_5_Sample.jpeg",1
"337","DAVPIL4047","Stim_1_Counter_Sample.jpeg",1
"338","DAVPIL4047","Stim_1_Sample.jpeg",1
"339","DAVPIL4047","Stim_2_Counter_Sample.jpeg",1
"340","DAVPIL4047","Stim_2_Sample.jpeg",1
"341","DAVPIL4047","Stim_3_Counter_Sample.jpeg",0
"342","DAVPIL4047","Stim_3_Sample.jpeg",1
"343","DAVPIL4047","Stim_4_Counter_Sample.jpeg",1
"344","DAVPIL4047","Stim_4_Sample.jpeg",1
"345","DAVPIL4047","Stim_5_Counter_Sample.jpeg",0
"346","DAVPIL4047","Stim_5_Sample.jpeg",1
"347","DAVPIL4048","Stim_1_Counter_Sample.jpeg",1
"348","DAVPIL4048","Stim_2_Counter_Sample.jpeg",1
"349","DAVPIL4048","Stim_3_Counter_Sample.jpeg",1
"350","DAVPIL4048","Stim_4_Counter_Sample.jpeg",1
"351","DAVPIL4048","Stim_5_Counter_Sample.jpeg",1
"352","DAVPIL4050","Stim_1_Counter_Sample.jpeg",1
"353","DAVPIL4050","Stim_2_Counter_Sample.jpeg",0
"354","DAVPIL4050","Stim_3_Counter_Sample.jpeg",1
"355","DAVPIL4050","Stim_4_Counter_Sample.jpeg",1
"356","DAVPIL4050","Stim_5_Counter_Sample.jpeg",1
"357","DAVPIL4051","Stim_1_Counter_Sample.jpeg",1
"358","DAVPIL4051","Stim_1_Sample.jpeg",0
"359","DAVPIL4051","Stim_2_Counter_Sample.jpeg",0
"360","DAVPIL4051","Stim_3_Counter_Sample.jpeg",1
"361","DAVPIL4051","Stim_4_Counter_Sample.jpeg",1
"362","DAVPIL4051","Stim_5_Counter_Sample.jpeg",0
"363","DAVPIL4052","Stim_1_Counter_Sample.jpeg",1
"364","DAVPIL4052","Stim_1_Counter_Sample_Flipped.jpeg",1
"365","DAVPIL4052","Stim_1_Sample.jpeg",1
"366","DAVPIL4052","Stim_1_Sample_Flipped.jpeg",1
"367","DAVPIL4052","Stim_2_Counter_Sample.jpeg",1
"368","DAVPIL4052","Stim_2_Counter_Sample_Flipped.jpeg",1
"369","DAVPIL4052","Stim_2_Sample.jpeg",1
"370","DAVPIL4052","Stim_2_Sample_Flipped.jpeg",1
"371","DAVPIL4052","Stim_3_Counter_Sample.jpeg",1
"372","DAVPIL4052","Stim_3_Counter_Sample_Flipped.jpeg",0
"373","DAVPIL4052","Stim_3_Sample.jpeg",1
"374","DAVPIL4052","Stim_3_Sample_Flipped.jpeg",1
"375","DAVPIL4052","Stim_4_Counter_Sample.jpeg",1
"376","DAVPIL4052","Stim_4_Counter_Sample_Flipped.jpeg",1
"377","DAVPIL4052","Stim_4_Sample.jpeg",0
"378","DAVPIL4052","Stim_4_Sample_Flipped.jpeg",1
"379","DAVPIL4052","Stim_5_Counter_Sample.jpeg",1
"380","DAVPIL4052","Stim_5_Counter_Sample_Flipped.jpeg",1
"381","DAVPIL4052","Stim_5_Sample.jpeg",1
"382","DAVPIL4052","Stim_5_Sample_Flipped.jpeg",1
"383","DAVPIL4053","Stim_1_Counter_Sample.jpeg",1
"384","DAVPIL4053","Stim_1_Sample.jpeg",1
"385","DAVPIL4053","Stim_2_Counter_Sample.jpeg",1
"386","DAVPIL4053","Stim_2_Sample.jpeg",1
"387","DAVPIL4053","Stim_3_Counter_Sample.jpeg",1
"388","DAVPIL4053","Stim_3_Sample.jpeg",1
"389","DAVPIL4053","Stim_4_Counter_Sample.jpeg",1
"390","DAVPIL4053","Stim_4_Sample.jpeg",1
"391","DAVPIL4053","Stim_5_Counter_Sample.jpeg",1
"392","DAVPIL4053","Stim_5_Sample.jpeg",1
"393","DAVPIL4054","Stim_1_Counter_Sample.jpeg",1
"394","DAVPIL4054","Stim_1_Counter_Sample_Flipped.jpeg",1
"395","DAVPIL4054","Stim_1_Sample.jpeg",1
"396","DAVPIL4054","Stim_1_Sample_Flipped.jpeg",1
"397","DAVPIL4054","Stim_2_Counter_Sample.jpeg",1
"398","DAVPIL4054","Stim_2_Counter_Sample_Flipped.jpeg",1
"399","DAVPIL4054","Stim_2_Sample.jpeg",1
"400","DAVPIL4054","Stim_2_Sample_Flipped.jpeg",1
"401","DAVPIL4054","Stim_3_Counter_Sample.jpeg",1
"402","DAVPIL4054","Stim_3_Counter_Sample_Flipped.jpeg",1
"403","DAVPIL4054","Stim_3_Sample.jpeg",1
"404","DAVPIL4054","Stim_3_Sample_Flipped.jpeg",1
"405","DAVPIL4054","Stim_4_Counter_Sample.jpeg",1
"406","DAVPIL4054","Stim_4_Counter_Sample_Flipped.jpeg",1
"407","DAVPIL4054","Stim_4_Sample.jpeg",1
"408","DAVPIL4054","Stim_4_Sample_Flipped.jpeg",1
"409","DAVPIL4054","Stim_5_Counter_Sample.jpeg",1
"410","DAVPIL4054","Stim_5_Counter_Sample_Flipped.jpeg",1
"411","DAVPIL4054","Stim_5_Sample.jpeg",1
"412","DAVPIL4054","Stim_5_Sample_Flipped.jpeg",1
"413","DAVPIL4056","Stim_1_Counter_Sample.jpeg",1
"414","DAVPIL4056","Stim_1_Counter_Sample_Flipped.jpeg",1
"415","DAVPIL4056","Stim_1_Sample.jpeg",1
"416","DAVPIL4056","Stim_1_Sample_Flipped.jpeg",1
"417","DAVPIL4056","Stim_2_Counter_Sample.jpeg",0
"418","DAVPIL4056","Stim_2_Counter_Sample_Flipped.jpeg",1
"419","DAVPIL4056","Stim_2_Sample.jpeg",1
"420","DAVPIL4056","Stim_2_Sample_Flipped.jpeg",1
"421","DAVPIL4056","Stim_3_Counter_Sample.jpeg",1
"422","DAVPIL4056","Stim_3_Counter_Sample_Flipped.jpeg",1
"423","DAVPIL4056","Stim_3_Sample.jpeg",1
"424","DAVPIL4056","Stim_3_Sample_Flipped.jpeg",1
"425","DAVPIL4056","Stim_4_Counter_Sample.jpeg",1
"426","DAVPIL4056","Stim_4_Counter_Sample_Flipped.jpeg",1
"427","DAVPIL4056","Stim_4_Sample.jpeg",1
"428","DAVPIL4056","Stim_4_Sample_Flipped.jpeg",1
"429","DAVPIL4056","Stim_5_Counter_Sample.jpeg",1
"430","DAVPIL4056","Stim_5_Counter_Sample_Flipped.jpeg",1
"431","DAVPIL4056","Stim_5_Sample.jpeg",1
"432","DAVPIL4056","Stim_5_Sample_Flipped.jpeg",1
"433","DAVPIL4057","Stim_1_Counter_Sample.jpeg",1
"434","DAVPIL4057","Stim_1_Sample.jpeg",1
"435","DAVPIL4057","Stim_2_Counter_Sample.jpeg",1
"436","DAVPIL4057","Stim_2_Sample.jpeg",0
"437","DAVPIL4057","Stim_3_Counter_Sample.jpeg",1
"438","DAVPIL4057","Stim_3_Sample.jpeg",1
"439","DAVPIL4057","Stim_4_Counter_Sample.jpeg",1
"440","DAVPIL4057","Stim_5_Counter_Sample.jpeg",1
"441","DAVPIL4058","Stim_1_Counter_Sample.jpeg",1
"442","DAVPIL4058","Stim_1_Counter_Sample_Flipped.jpeg",0
"443","DAVPIL4058","Stim_1_Sample.jpeg",1
"444","DAVPIL4058","Stim_1_Sample_Flipped.jpeg",1
"445","DAVPIL4058","Stim_2_Counter_Sample.jpeg",1
"446","DAVPIL4058","Stim_2_Counter_Sample_Flipped.jpeg",1
"447","DAVPIL4058","Stim_2_Sample.jpeg",1
"448","DAVPIL4058","Stim_2_Sample_Flipped.jpeg",1
"449","DAVPIL4058","Stim_3_Counter_Sample.jpeg",1
"450","DAVPIL4058","Stim_3_Counter_Sample_Flipped.jpeg",1
"451","DAVPIL4058","Stim_3_Sample.jpeg",1
"452","DAVPIL4058","Stim_3_Sample_Flipped.jpeg",1
"453","DAVPIL4058","Stim_4_Counter_Sample.jpeg",1
"454","DAVPIL4058","Stim_4_Counter_Sample_Flipped.jpeg",1
"455","DAVPIL4058","Stim_4_Sample.jpeg",1
"456","DAVPIL4058","Stim_4_Sample_Flipped.jpeg",1
"457","DAVPIL4058","Stim_5_Counter_Sample.jpeg",1
"458","DAVPIL4058","Stim_5_Counter_Sample_Flipped.jpeg",1
"459","DAVPIL4058","Stim_5_Sample.jpeg",1
"460","DAVPIL4058","Stim_5_Sample_Flipped.jpeg",1
"461","DAVPIL4059","Stim_1_Counter_Sample.jpeg",1
"462","DAVPIL4059","Stim_1_Counter_Sample_Flipped.jpeg",1
"463","DAVPIL4059","Stim_1_Sample.jpeg",1
"464","DAVPIL4059","Stim_1_Sample_Flipped.jpeg",1
"465","DAVPIL4059","Stim_2_Counter_Sample.jpeg",1
"466","DAVPIL4059","Stim_2_Counter_Sample_Flipped.jpeg",1
"467","DAVPIL4059","Stim_2_Sample.jpeg",1
"468","DAVPIL4059","Stim_2_Sample_Flipped.jpeg",1
"469","DAVPIL4059","Stim_3_Counter_Sample.jpeg",1
"470","DAVPIL4059","Stim_3_Counter_Sample_Flipped.jpeg",1
"471","DAVPIL4059","Stim_3_Sample.jpeg",1
"472","DAVPIL4059","Stim_3_Sample_Flipped.jpeg",1
"473","DAVPIL4059","Stim_4_Counter_Sample.jpeg",1
"474","DAVPIL4059","Stim_4_Counter_Sample_Flipped.jpeg",1
"475","DAVPIL4059","Stim_4_Sample.jpeg",1
"476","DAVPIL4059","Stim_4_Sample_Flipped.jpeg",1
"477","DAVPIL4059","Stim_5_Counter_Sample.jpeg",1
"478","DAVPIL4059","Stim_5_Counter_Sample_Flipped.jpeg",1
"479","DAVPIL4059","Stim_5_Sample.jpeg",1
"480","DAVPIL4059","Stim_5_Sample_Flipped.jpeg",1
"481","DAVPIL4061","Stim_1_Counter_Sample.jpeg",1
"482","DAVPIL4061","Stim_1_Counter_Sample_Flipped.jpeg",1
"483","DAVPIL4061","Stim_1_Sample.jpeg",1
"484","DAVPIL4061","Stim_1_Sample_Flipped.jpeg",0
"485","DAVPIL4061","Stim_2_Counter_Sample.jpeg",1
"486","DAVPIL4061","Stim_2_Counter_Sample_Flipped.jpeg",1
"487","DAVPIL4061","Stim_2_Sample.jpeg",1
"488","DAVPIL4061","Stim_2_Sample_Flipped.jpeg",1
"489","DAVPIL4061","Stim_3_Counter_Sample.jpeg",1
"490","DAVPIL4061","Stim_3_Counter_Sample_Flipped.jpeg",1
"491","DAVPIL4061","Stim_3_Sample.jpeg",1
"492","DAVPIL4061","Stim_3_Sample_Flipped.jpeg",1
"493","DAVPIL4061","Stim_4_Counter_Sample.jpeg",1
"494","DAVPIL4061","Stim_4_Counter_Sample_Flipped.jpeg",1
"495","DAVPIL4061","Stim_4_Sample.jpeg",1
"496","DAVPIL4061","Stim_4_Sample_Flipped.jpeg",1
"497","DAVPIL4061","Stim_5_Counter_Sample.jpeg",1
"498","DAVPIL4061","Stim_5_Counter_Sample_Flipped.jpeg",1
"499","DAVPIL4061","Stim_5_Sample.jpeg",1
"500","DAVPIL4061","Stim_5_Sample_Flipped.jpeg",1
"501","DAVPIL4062","Stim_1_Counter_Sample.jpeg",1
"502","DAVPIL4062","Stim_1_Counter_Sample_Flipped.jpeg",1
"503","DAVPIL4062","Stim_1_Sample.jpeg",1
"504","DAVPIL4062","Stim_1_Sample_Flipped.jpeg",1
"505","DAVPIL4062","Stim_2_Counter_Sample.jpeg",1
"506","DAVPIL4062","Stim_2_Counter_Sample_Flipped.jpeg",1
"507","DAVPIL4062","Stim_2_Sample.jpeg",1
"508","DAVPIL4062","Stim_2_Sample_Flipped.jpeg",1
"509","DAVPIL4062","Stim_3_Counter_Sample.jpeg",1
"510","DAVPIL4062","Stim_3_Counter_Sample_Flipped.jpeg",1
"511","DAVPIL4062","Stim_3_Sample.jpeg",1
"512","DAVPIL4062","Stim_3_Sample_Flipped.jpeg",1
"513","DAVPIL4062","Stim_4_Counter_Sample.jpeg",1
"514","DAVPIL4062","Stim_4_Counter_Sample_Flipped.jpeg",1
"515","DAVPIL4062","Stim_4_Sample.jpeg",1
"516","DAVPIL4062","Stim_4_Sample_Flipped.jpeg",1
"517","DAVPIL4062","Stim_5_Counter_Sample.jpeg",1
"518","DAVPIL4062","Stim_5_Counter_Sample_Flipped.jpeg",1
"519","DAVPIL4062","Stim_5_Sample.jpeg",1
"520","DAVPIL4062","Stim_5_Sample_Flipped.jpeg",1
"521","DAVPIL4063","Stim_1_Counter_Sample.jpeg",1
"522","DAVPIL4063","Stim_1_Counter_Sample_Flipped.jpeg",1
"523","DAVPIL4063","Stim_1_Sample.jpeg",1
"524","DAVPIL4063","Stim_1_Sample_Flipped.jpeg",1
"525","DAVPIL4063","Stim_2_Counter_Sample.jpeg",1
"526","DAVPIL4063","Stim_2_Counter_Sample_Flipped.jpeg",1
"527","DAVPIL4063","Stim_2_Sample.jpeg",1
"528","DAVPIL4063","Stim_2_Sample_Flipped.jpeg",0
"529","DAVPIL4063","Stim_3_Counter_Sample.jpeg",1
"530","DAVPIL4063","Stim_3_Counter_Sample_Flipped.jpeg",1
"531","DAVPIL4063","Stim_3_Sample.jpeg",1
"532","DAVPIL4063","Stim_3_Sample_Flipped.jpeg",1
"533","DAVPIL4063","Stim_4_Counter_Sample.jpeg",1
"534","DAVPIL4063","Stim_4_Counter_Sample_Flipped.jpeg",1
"535","DAVPIL4063","Stim_4_Sample.jpeg",1
"536","DAVPIL4063","Stim_4_Sample_Flipped.jpeg",1
"537","DAVPIL4063","Stim_5_Counter_Sample.jpeg",1
"538","DAVPIL4063","Stim_5_Counter_Sample_Flipped.jpeg",1
"539","DAVPIL4063","Stim_5_Sample.jpeg",0
"540","DAVPIL4063","Stim_5_Sample_Flipped.jpeg",1
"541","DAVPIL4064","Stim_1_Counter_Sample.jpeg",1
"542","DAVPIL4064","Stim_1_Counter_Sample_Flipped.jpeg",1
"543","DAVPIL4064","Stim_1_Sample.jpeg",1
"544","DAVPIL4064","Stim_1_Sample_Flipped.jpeg",1
"545","DAVPIL4064","Stim_2_Counter_Sample.jpeg",1
"546","DAVPIL4064","Stim_2_Counter_Sample_Flipped.jpeg",1
"547","DAVPIL4064","Stim_2_Sample.jpeg",1
"548","DAVPIL4064","Stim_2_Sample_Flipped.jpeg",0
"549","DAVPIL4064","Stim_3_Counter_Sample.jpeg",1
"550","DAVPIL4064","Stim_3_Counter_Sample_Flipped.jpeg",1
"551","DAVPIL4064","Stim_3_Sample.jpeg",1
"552","DAVPIL4064","Stim_3_Sample_Flipped.jpeg",0
"553","DAVPIL4064","Stim_4_Counter_Sample.jpeg",1
"554","DAVPIL4064","Stim_4_Counter_Sample_Flipped.jpeg",1
"555","DAVPIL4064","Stim_4_Sample.jpeg",1
"556","DAVPIL4064","Stim_4_Sample_Flipped.jpeg",0
"557","DAVPIL4064","Stim_5_Counter_Sample.jpeg",1
"558","DAVPIL4064","Stim_5_Counter_Sample_Flipped.jpeg",1
"559","DAVPIL4064","Stim_5_Sample.jpeg",1
"560","DAVPIL4064","Stim_5_Sample_Flipped.jpeg",1
"561","DAVPIL4065","Stim_1_Counter_Sample.jpeg",1
"562","DAVPIL4065","Stim_1_Sample.jpeg",1
"563","DAVPIL4065","Stim_2_Counter_Sample.jpeg",1
"564","DAVPIL4065","Stim_2_Sample.jpeg",1
"565","DAVPIL4065","Stim_3_Counter_Sample.jpeg",1
"566","DAVPIL4065","Stim_3_Sample.jpeg",1
"567","DAVPIL4065","Stim_4_Counter_Sample.jpeg",1
"568","DAVPIL4065","Stim_4_Sample.jpeg",1
"569","DAVPIL4065","Stim_5_Counter_Sample.jpeg",1
"570","DAVPIL4065","Stim_5_Sample.jpeg",1
"571","DAVPIL4068","Stim_1_Counter_Sample.jpeg",1
"572","DAVPIL4068","Stim_1_Sample.jpeg",0
"573","DAVPIL4068","Stim_2_Counter_Sample.jpeg",1
"574","DAVPIL4068","Stim_2_Sample.jpeg",0
"575","DAVPIL4068","Stim_3_Counter_Sample.jpeg",1
"576","DAVPIL4068","Stim_3_Sample.jpeg",1
"577","DAVPIL4068","Stim_4_Counter_Sample.jpeg",1
"578","DAVPIL4068","Stim_4_Sample.jpeg",1
"579","DAVPIL4068","Stim_5_Counter_Sample.jpeg",1
"580","DAVPIL4068","Stim_5_Sample.jpeg",1
"581","DAVPIL4069","Stim_1_Counter_Sample.jpeg",1
"582","DAVPIL4069","Stim_1_Counter_Sample_Flipped.jpeg",1
"583","DAVPIL4069","Stim_1_Sample.jpeg",1
"584","DAVPIL4069","Stim_1_Sample_Flipped.jpeg",1
"585","DAVPIL4069","Stim_2_Counter_Sample.jpeg",1
"586","DAVPIL4069","Stim_2_Counter_Sample_Flipped.jpeg",1
"587","DAVPIL4069","Stim_2_Sample.jpeg",1
"588","DAVPIL4069","Stim_2_Sample_Flipped.jpeg",1
"589","DAVPIL4069","Stim_3_Counter_Sample.jpeg",1
"590","DAVPIL4069","Stim_3_Counter_Sample_Flipped.jpeg",1
"591","DAVPIL4069","Stim_3_Sample.jpeg",1
"592","DAVPIL4069","Stim_3_Sample_Flipped.jpeg",1
"593","DAVPIL4069","Stim_4_Counter_Sample.jpeg",1
"594","DAVPIL4069","Stim_4_Counter_Sample_Flipped.jpeg",1
"595","DAVPIL4069","Stim_4_Sample.jpeg",1
"596","DAVPIL4069","Stim_4_Sample_Flipped.jpeg",0
"597","DAVPIL4069","Stim_5_Counter_Sample.jpeg",1
"598","DAVPIL4069","Stim_5_Counter_Sample_Flipped.jpeg",1
"599","DAVPIL4069","Stim_5_Sample.jpeg",1
"600","DAVPIL4069","Stim_5_Sample_Flipped.jpeg",1
"601","DAVPIL4071","Stim_1_Counter_Sample.jpeg",1
"602","DAVPIL4071","Stim_1_Counter_Sample_Flipped.jpeg",1
"603","DAVPIL4071","Stim_1_Sample.jpeg",1
"604","DAVPIL4071","Stim_1_Sample_Flipped.jpeg",1
"605","DAVPIL4071","Stim_2_Counter_Sample.jpeg",1
"606","DAVPIL4071","Stim_2_Counter_Sample_Flipped.jpeg",1
"607","DAVPIL4071","Stim_2_Sample.jpeg",0
"608","DAVPIL4071","Stim_2_Sample_Flipped.jpeg",1
"609","DAVPIL4071","Stim_3_Counter_Sample.jpeg",1
"610","DAVPIL4071","Stim_3_Counter_Sample_Flipped.jpeg",1
"611","DAVPIL4071","Stim_3_Sample.jpeg",1
"612","DAVPIL4071","Stim_3_Sample_Flipped.jpeg",1
"613","DAVPIL4071","Stim_4_Counter_Sample.jpeg",1
"614","DAVPIL4071","Stim_4_Counter_Sample_Flipped.jpeg",1
"615","DAVPIL4071","Stim_4_Sample.jpeg",1
"616","DAVPIL4071","Stim_4_Sample_Flipped.jpeg",1
"617","DAVPIL4071","Stim_5_Counter_Sample.jpeg",1
"618","DAVPIL4071","Stim_5_Counter_Sample_Flipped.jpeg",1
"619","DAVPIL4071","Stim_5_Sample.jpeg",0
"620","DAVPIL4071","Stim_5_Sample_Flipped.jpeg",1
"621","DAVPIL4072","Stim_1_Counter_Sample.jpeg",1
"622","DAVPIL4072","Stim_1_Sample.jpeg",1
"623","DAVPIL4072","Stim_2_Counter_Sample.jpeg",1
"624","DAVPIL4072","Stim_2_Sample.jpeg",1
"625","DAVPIL4072","Stim_3_Counter_Sample.jpeg",1
"626","DAVPIL4072","Stim_3_Sample.jpeg",0
"627","DAVPIL4072","Stim_4_Counter_Sample.jpeg",1
"628","DAVPIL4072","Stim_4_Sample.jpeg",1
"629","DAVPIL4072","Stim_5_Counter_Sample.jpeg",1
"630","DAVPIL4072","Stim_5_Sample.jpeg",1
"631","DAVPIL4073","Stim_1_Counter_Sample.jpeg",1
"632","DAVPIL4073","Stim_1_Counter_Sample_Flipped.jpeg",1
"633","DAVPIL4073","Stim_1_Sample.jpeg",1
"634","DAVPIL4073","Stim_1_Sample_Flipped.jpeg",1
"635","DAVPIL4073","Stim_2_Counter_Sample.jpeg",1
"636","DAVPIL4073","Stim_2_Counter_Sample_Flipped.jpeg",1
"637","DAVPIL4073","Stim_2_Sample.jpeg",1
"638","DAVPIL4073","Stim_2_Sample_Flipped.jpeg",1
"639","DAVPIL4073","Stim_3_Counter_Sample.jpeg",1
"640","DAVPIL4073","Stim_3_Counter_Sample_Flipped.jpeg",1
"641","DAVPIL4073","Stim_3_Sample.jpeg",1
"642","DAVPIL4073","Stim_3_Sample_Flipped.jpeg",1
"643","DAVPIL4073","Stim_4_Counter_Sample.jpeg",1
"644","DAVPIL4073","Stim_4_Counter_Sample_Flipped.jpeg",1
"645","DAVPIL4073","Stim_4_Sample.jpeg",1
"646","DAVPIL4073","Stim_4_Sample_Flipped.jpeg",0
"647","DAVPIL4073","Stim_5_Counter_Sample.jpeg",1
"648","DAVPIL4073","Stim_5_Counter_Sample_Flipped.jpeg",1
"649","DAVPIL4073","Stim_5_Sample.jpeg",1
"650","DAVPIL4073","Stim_5_Sample_Flipped.jpeg",1
"651","DAVPIL4074","Stim_1_Counter_Sample.jpeg",0
"652","DAVPIL4074","Stim_1_Sample.jpeg",1
"653","DAVPIL4074","Stim_2_Counter_Sample.jpeg",1
"654","DAVPIL4074","Stim_2_Sample.jpeg",1
"655","DAVPIL4074","Stim_3_Counter_Sample.jpeg",1
"656","DAVPIL4074","Stim_3_Sample.jpeg",1
"657","DAVPIL4074","Stim_4_Counter_Sample.jpeg",0
"658","DAVPIL4074","Stim_4_Sample.jpeg",1
"659","DAVPIL4074","Stim_5_Counter_Sample.jpeg",1
"660","DAVPIL4074","Stim_5_Sample.jpeg",1
"661","DAVPIL4077","Stim_1_Counter_Sample.jpeg",1
"662","DAVPIL4077","Stim_1_Counter_Sample_Flipped.jpeg",1
"663","DAVPIL4077","Stim_1_Sample.jpeg",1
"664","DAVPIL4077","Stim_2_Counter_Sample.jpeg",0
"665","DAVPIL4077","Stim_2_Counter_Sample_Flipped.jpeg",1
"666","DAVPIL4077","Stim_2_Sample.jpeg",1
"667","DAVPIL4077","Stim_3_Counter_Sample.jpeg",1
"668","DAVPIL4077","Stim_3_Counter_Sample_Flipped.jpeg",1
"669","DAVPIL4077","Stim_3_Sample.jpeg",1
"670","DAVPIL4077","Stim_4_Counter_Sample.jpeg",1
"671","DAVPIL4077","Stim_4_Counter_Sample_Flipped.jpeg",1
"672","DAVPIL4077","Stim_4_Sample.jpeg",1
"673","DAVPIL4077","Stim_5_Counter_Sample.jpeg",1
"674","DAVPIL4077","Stim_5_Counter_Sample_Flipped.jpeg",1
"675","DAVPIL4077","Stim_5_Sample.jpeg",1
"676","DAVPIL4078","Stim_1_Counter_Sample.jpeg",1
"677","DAVPIL4080","Stim_1_Counter_Sample.jpeg",1
"678","DAVPIL4080","Stim_1_Sample.jpeg",1
"679","DAVPIL4080","Stim_2_Counter_Sample.jpeg",1
"680","DAVPIL4080","Stim_2_Sample.jpeg",1
"681","DAVPIL4080","Stim_3_Counter_Sample.jpeg",1
"682","DAVPIL4080","Stim_3_Sample.jpeg",1
"683","DAVPIL4080","Stim_4_Counter_Sample.jpeg",1
"684","DAVPIL4080","Stim_4_Sample.jpeg",1
"685","DAVPIL4080","Stim_5_Counter_Sample.jpeg",1
"686","DAVPIL4080","Stim_5_Sample.jpeg",1
"687","DAVPIL4081","Stim_1_Counter_Sample.jpeg",1
"688","DAVPIL4081","Stim_1_Counter_Sample_Flipped.jpeg",1
"689","DAVPIL4081","Stim_1_Sample.jpeg",1
"690","DAVPIL4081","Stim_1_Sample_Flipped.jpeg",1
"691","DAVPIL4081","Stim_2_Counter_Sample.jpeg",1
"692","DAVPIL4081","Stim_2_Counter_Sample_Flipped.jpeg",1
"693","DAVPIL4081","Stim_2_Sample.jpeg",1
"694","DAVPIL4081","Stim_2_Sample_Flipped.jpeg",1
"695","DAVPIL4081","Stim_3_Counter_Sample.jpeg",1
"696","DAVPIL4081","Stim_3_Counter_Sample_Flipped.jpeg",0
"697","DAVPIL4081","Stim_3_Sample.jpeg",1
"698","DAVPIL4081","Stim_3_Sample_Flipped.jpeg",1
"699","DAVPIL4081","Stim_4_Counter_Sample.jpeg",1
"700","DAVPIL4081","Stim_4_Counter_Sample_Flipped.jpeg",1
"701","DAVPIL4081","Stim_4_Sample.jpeg",1
"702","DAVPIL4081","Stim_4_Sample_Flipped.jpeg",1
"703","DAVPIL4081","Stim_5_Counter_Sample.jpeg",1
"704","DAVPIL4081","Stim_5_Counter_Sample_Flipped.jpeg",1
"705","DAVPIL4081","Stim_5_Sample.jpeg",1
"706","DAVPIL4081","Stim_5_Sample_Flipped.jpeg",1
"707","DAVPIL4082","Stim_1_Counter_Sample.jpeg",1
"708","DAVPIL4082","Stim_2_Counter_Sample.jpeg",0
"709","DAVPIL4082","Stim_3_Counter_Sample.jpeg",0
"710","DAVPIL4082","Stim_4_Counter_Sample.jpeg",0
"711","DAVPIL4082","Stim_5_Counter_Sample.jpeg",0
"712","DAVPIL4083","Stim_1_Counter_Sample.jpeg",1
"713","DAVPIL4083","Stim_1_Counter_Sample_Flipped.jpeg",1
"714","DAVPIL4083","Stim_1_Sample.jpeg",1
"715","DAVPIL4083","Stim_2_Counter_Sample.jpeg",1
"716","DAVPIL4083","Stim_2_Counter_Sample_Flipped.jpeg",1
"717","DAVPIL4083","Stim_2_Sample.jpeg",1
"718","DAVPIL4083","Stim_3_Counter_Sample.jpeg",1
"719","DAVPIL4083","Stim_3_Counter_Sample_Flipped.jpeg",1
"720","DAVPIL4083","Stim_3_Sample.jpeg",1
"721","DAVPIL4083","Stim_4_Counter_Sample.jpeg",1
"722","DAVPIL4083","Stim_4_Counter_Sample_Flipped.jpeg",1
"723","DAVPIL4083","Stim_4_Sample.jpeg",1
"724","DAVPIL4083","Stim_5_Counter_Sample.jpeg",1
"725","DAVPIL4083","Stim_5_Counter_Sample_Flipped.jpeg",0
"726","DAVPIL4083","Stim_5_Sample.jpeg",1
"727","DAVPIL4084","Stim_1_Counter_Sample.jpeg",1
"728","DAVPIL4084","Stim_1_Counter_Sample_Flipped.jpeg",1
"729","DAVPIL4084","Stim_1_Sample.jpeg",1
"730","DAVPIL4084","Stim_1_Sample_Flipped.jpeg",1
"731","DAVPIL4084","Stim_2_Counter_Sample.jpeg",1
"732","DAVPIL4084","Stim_2_Counter_Sample_Flipped.jpeg",0
"733","DAVPIL4084","Stim_2_Sample.jpeg",1
"734","DAVPIL4084","Stim_2_Sample_Flipped.jpeg",1
"735","DAVPIL4084","Stim_3_Counter_Sample.jpeg",1
"736","DAVPIL4084","Stim_3_Counter_Sample_Flipped.jpeg",1
"737","DAVPIL4084","Stim_3_Sample.jpeg",1
"738","DAVPIL4084","Stim_3_Sample_Flipped.jpeg",1
"739","DAVPIL4084","Stim_4_Counter_Sample.jpeg",1
"740","DAVPIL4084","Stim_4_Counter_Sample_Flipped.jpeg",1
"741","DAVPIL4084","Stim_4_Sample.jpeg",1
"742","DAVPIL4084","Stim_4_Sample_Flipped.jpeg",1
"743","DAVPIL4084","Stim_5_Counter_Sample.jpeg",1
"744","DAVPIL4084","Stim_5_Counter_Sample_Flipped.jpeg",1
"745","DAVPIL4084","Stim_5_Sample.jpeg",1
"746","DAVPIL4084","Stim_5_Sample_Flipped.jpeg",1
"747","DAVPIL4085","Stim_1_Counter_Sample.jpeg",1
"748","DAVPIL4085","Stim_1_Counter_Sample_Flipped.jpeg",0
"749","DAVPIL4085","Stim_1_Sample.jpeg",0
"750","DAVPIL4085","Stim_2_Counter_Sample.jpeg",1
"751","DAVPIL4085","Stim_2_Counter_Sample_Flipped.jpeg",1
"752","DAVPIL4085","Stim_2_Sample.jpeg",1
"753","DAVPIL4085","Stim_3_Counter_Sample.jpeg",0
"754","DAVPIL4085","Stim_3_Counter_Sample_Flipped.jpeg",1
"755","DAVPIL4085","Stim_3_Sample.jpeg",1
"756","DAVPIL4085","Stim_4_Counter_Sample.jpeg",1
"757","DAVPIL4085","Stim_4_Counter_Sample_Flipped.jpeg",0
"758","DAVPIL4085","Stim_4_Sample.jpeg",1
"759","DAVPIL4085","Stim_5_Counter_Sample.jpeg",1
"760","DAVPIL4085","Stim_5_Counter_Sample_Flipped.jpeg",1
"761","DAVPIL4085","Stim_5_Sample.jpeg",1
"762","DAVPIL4086","Stim_1_Counter_Sample.jpeg",1
"763","DAVPIL4086","Stim_1_Sample.jpeg",1
"764","DAVPIL4086","Stim_2_Counter_Sample.jpeg",0
"765","DAVPIL4086","Stim_2_Sample.jpeg",1
"766","DAVPIL4086","Stim_3_Counter_Sample.jpeg",1
"767","DAVPIL4086","Stim_3_Sample.jpeg",0
"768","DAVPIL4086","Stim_4_Counter_Sample.jpeg",1
"769","DAVPIL4086","Stim_5_Counter_Sample.jpeg",1
"770","DAVPIL4087","Stim_1_Counter_Sample.jpeg",1
"771","DAVPIL4087","Stim_2_Counter_Sample.jpeg",0
"772","DAVPIL4087","Stim_3_Counter_Sample.jpeg",1
"773","DAVPIL4087","Stim_4_Counter_Sample.jpeg",1
"774","DAVPIL4087","Stim_5_Counter_Sample.jpeg",1
"775","DAVPIL4088","Stim_1_Counter_Sample.jpeg",1
"776","DAVPIL4088","Stim_1_Counter_Sample_Flipped.jpeg",1
"777","DAVPIL4088","Stim_1_Sample.jpeg",0
"778","DAVPIL4088","Stim_1_Sample_Flipped.jpeg",1
"779","DAVPIL4088","Stim_2_Counter_Sample.jpeg",1
"780","DAVPIL4088","Stim_2_Counter_Sample_Flipped.jpeg",1
"781","DAVPIL4088","Stim_2_Sample.jpeg",1
"782","DAVPIL4088","Stim_2_Sample_Flipped.jpeg",1
"783","DAVPIL4088","Stim_3_Counter_Sample.jpeg",1
"784","DAVPIL4088","Stim_3_Counter_Sample_Flipped.jpeg",1
"785","DAVPIL4088","Stim_3_Sample.jpeg",0
"786","DAVPIL4088","Stim_3_Sample_Flipped.jpeg",0
"787","DAVPIL4088","Stim_4_Counter_Sample.jpeg",0
"788","DAVPIL4088","Stim_4_Counter_Sample_Flipped.jpeg",1
"789","DAVPIL4088","Stim_4_Sample.jpeg",1
"790","DAVPIL4088","Stim_4_Sample_Flipped.jpeg",1
"791","DAVPIL4088","Stim_5_Counter_Sample.jpeg",1
"792","DAVPIL4088","Stim_5_Counter_Sample_Flipped.jpeg",1
"793","DAVPIL4088","Stim_5_Sample.jpeg",0
"794","DAVPIL4088","Stim_5_Sample_Flipped.jpeg",1
"795","DAVPIL4089","Stim_1_Counter_Sample.jpeg",1
"796","DAVPIL4089","Stim_1_Counter_Sample_Flipped.jpeg",1
"797","DAVPIL4089","Stim_1_Sample.jpeg",1
"798","DAVPIL4089","Stim_1_Sample_Flipped.jpeg",1
"799","DAVPIL4089","Stim_2_Counter_Sample.jpeg",1
"800","DAVPIL4089","Stim_2_Counter_Sample_Flipped.jpeg",1
"801","DAVPIL4089","Stim_2_Sample.jpeg",1
"802","DAVPIL4089","Stim_2_Sample_Flipped.jpeg",1
"803","DAVPIL4089","Stim_3_Counter_Sample.jpeg",1
"804","DAVPIL4089","Stim_3_Counter_Sample_Flipped.jpeg",1
"805","DAVPIL4089","Stim_3_Sample.jpeg",0
"806","DAVPIL4089","Stim_3_Sample_Flipped.jpeg",1
"807","DAVPIL4089","Stim_4_Counter_Sample.jpeg",1
"808","DAVPIL4089","Stim_4_Counter_Sample_Flipped.jpeg",1
"809","DAVPIL4089","Stim_4_Sample.jpeg",1
"810","DAVPIL4089","Stim_4_Sample_Flipped.jpeg",1
"811","DAVPIL4089","Stim_5_Counter_Sample.jpeg",1
"812","DAVPIL4089","Stim_5_Counter_Sample_Flipped.jpeg",1
"813","DAVPIL4089","Stim_5_Sample.jpeg",1
"814","DAVPIL4089","Stim_5_Sample_Flipped.jpeg",1
"815","DAVPIL4090","Stim_1_Counter_Sample.jpeg",1
"816","DAVPIL4090","Stim_1_Counter_Sample_Flipped.jpeg",1
"817","DAVPIL4090","Stim_1_Sample.jpeg",1
"818","DAVPIL4090","Stim_2_Counter_Sample.jpeg",1
"819","DAVPIL4090","Stim_2_Counter_Sample_Flipped.jpeg",1
"820","DAVPIL4090","Stim_2_Sample.jpeg",1
"821","DAVPIL4090","Stim_3_Counter_Sample.jpeg",1
"822","DAVPIL4090","Stim_3_Counter_Sample_Flipped.jpeg",1
"823","DAVPIL4090","Stim_3_Sample.jpeg",1
"824","DAVPIL4090","Stim_4_Counter_Sample.jpeg",0
"825","DAVPIL4090","Stim_4_Counter_Sample_Flipped.jpeg",1
"826","DAVPIL4090","Stim_4_Sample.jpeg",1
"827","DAVPIL4090","Stim_5_Counter_Sample.jpeg",1
"828","DAVPIL4090","Stim_5_Counter_Sample_Flipped.jpeg",0
"829","DAVPIL4090","Stim_5_Sample.jpeg",1
"830","DAVPIL4091","Stim_1_Counter_Sample.jpeg",1
"831","DAVPIL4091","Stim_1_Counter_Sample_Flipped.jpeg",1
"832","DAVPIL4091","Stim_1_Sample.jpeg",1
"833","DAVPIL4091","Stim_1_Sample_Flipped.jpeg",1
"834","DAVPIL4091","Stim_2_Counter_Sample.jpeg",1
"835","DAVPIL4091","Stim_2_Counter_Sample_Flipped.jpeg",1
"836","DAVPIL4091","Stim_2_Sample.jpeg",1
"837","DAVPIL4091","Stim_2_Sample_Flipped.jpeg",1
"838","DAVPIL4091","Stim_3_Counter_Sample.jpeg",1
"839","DAVPIL4091","Stim_3_Counter_Sample_Flipped.jpeg",1
"840","DAVPIL4091","Stim_3_Sample.jpeg",1
"841","DAVPIL4091","Stim_3_Sample_Flipped.jpeg",1
"842","DAVPIL4091","Stim_4_Counter_Sample.jpeg",1
"843","DAVPIL4091","Stim_4_Counter_Sample_Flipped.jpeg",1
"844","DAVPIL4091","Stim_4_Sample.jpeg",1
"845","DAVPIL4091","Stim_4_Sample_Flipped.jpeg",1
"846","DAVPIL4091","Stim_5_Counter_Sample.jpeg",1
"847","DAVPIL4091","Stim_5_Counter_Sample_Flipped.jpeg",0
"848","DAVPIL4091","Stim_5_Sample.jpeg",1
"849","DAVPIL4091","Stim_5_Sample_Flipped.jpeg",1
"850","DAVPIL4092","Stim_1_Counter_Sample.jpeg",1
"851","DAVPIL4092","Stim_1_Sample.jpeg",1
"852","DAVPIL4092","Stim_2_Counter_Sample.jpeg",1
"853","DAVPIL4092","Stim_2_Sample.jpeg",1
"854","DAVPIL4092","Stim_3_Counter_Sample.jpeg",1
"855","DAVPIL4092","Stim_3_Sample.jpeg",1
"856","DAVPIL4092","Stim_4_Counter_Sample.jpeg",1
"857","DAVPIL4092","Stim_4_Sample.jpeg",1
"858","DAVPIL4092","Stim_5_Counter_Sample.jpeg",1
"859","DAVPIL4092","Stim_5_Sample.jpeg",1
"860","DAVPIL4093","Stim_1_Counter_Sample.jpeg",1
"861","DAVPIL4093","Stim_1_Counter_Sample_Flipped.jpeg",1
"862","DAVPIL4093","Stim_1_Sample.jpeg",1
"863","DAVPIL4093","Stim_1_Sample_Flipped.jpeg",1
"864","DAVPIL4093","Stim_2_Counter_Sample.jpeg",1
"865","DAVPIL4093","Stim_2_Counter_Sample_Flipped.jpeg",1
"866","DAVPIL4093","Stim_2_Sample.jpeg",1
"867","DAVPIL4093","Stim_2_Sample_Flipped.jpeg",1
"868","DAVPIL4093","Stim_3_Counter_Sample.jpeg",1
"869","DAVPIL4093","Stim_3_Counter_Sample_Flipped.jpeg",1
"870","DAVPIL4093","Stim_3_Sample.jpeg",1
"871","DAVPIL4093","Stim_3_Sample_Flipped.jpeg",1
"872","DAVPIL4093","Stim_4_Counter_Sample.jpeg",1
"873","DAVPIL4093","Stim_4_Counter_Sample_Flipped.jpeg",1
"874","DAVPIL4093","Stim_4_Sample.jpeg",1
"875","DAVPIL4093","Stim_4_Sample_Flipped.jpeg",0
"876","DAVPIL4093","Stim_5_Counter_Sample.jpeg",1
"877","DAVPIL4093","Stim_5_Counter_Sample_Flipped.jpeg",0
"878","DAVPIL4093","Stim_5_Sample.jpeg",1
"879","DAVPIL4093","Stim_5_Sample_Flipped.jpeg",0
"880","DAVPIL4094","Stim_1_Counter_Sample.jpeg",1
"881","DAVPIL4094","Stim_1_Counter_Sample_Flipped.jpeg",1
"882","DAVPIL4094","Stim_1_Sample.jpeg",1
"883","DAVPIL4094","Stim_1_Sample_Flipped.jpeg",1
"884","DAVPIL4094","Stim_2_Counter_Sample.jpeg",1
"885","DAVPIL4094","Stim_2_Counter_Sample_Flipped.jpeg",0
"886","DAVPIL4094","Stim_2_Sample.jpeg",1
"887","DAVPIL4094","Stim_2_Sample_Flipped.jpeg",1
"888","DAVPIL4094","Stim_3_Counter_Sample.jpeg",1
"889","DAVPIL4094","Stim_3_Counter_Sample_Flipped.jpeg",1
"890","DAVPIL4094","Stim_3_Sample.jpeg",1
"891","DAVPIL4094","Stim_3_Sample_Flipped.jpeg",0
"892","DAVPIL4094","Stim_4_Counter_Sample.jpeg",1
"893","DAVPIL4094","Stim_4_Counter_Sample_Flipped.jpeg",1
"894","DAVPIL4094","Stim_4_Sample.jpeg",1
"895","DAVPIL4094","Stim_4_Sample_Flipped.jpeg",1
"896","DAVPIL4094","Stim_5_Counter_Sample.jpeg",1
"897","DAVPIL4094","Stim_5_Counter_Sample_Flipped.jpeg",1
"898","DAVPIL4094","Stim_5_Sample.jpeg",1
"899","DAVPIL4094","Stim_5_Sample_Flipped.jpeg",1
"900","DAVPIL4096","Stim_1_Counter_Sample.jpeg",1
"901","DAVPIL4096","Stim_1_Counter_Sample_Flipped.jpeg",1
"902","DAVPIL4096","Stim_1_Sample.jpeg",1
"903","DAVPIL4096","Stim_1_Sample_Flipped.jpeg",1
"904","DAVPIL4096","Stim_2_Counter_Sample.jpeg",1
"905","DAVPIL4096","Stim_2_Counter_Sample_Flipped.jpeg",1
"906","DAVPIL4096","Stim_2_Sample.jpeg",1
"907","DAVPIL4096","Stim_2_Sample_Flipped.jpeg",1
"908","DAVPIL4096","Stim_3_Counter_Sample.jpeg",1
"909","DAVPIL4096","Stim_3_Counter_Sample_Flipped.jpeg",1
"910","DAVPIL4096","Stim_3_Sample.jpeg",1
"911","DAVPIL4096","Stim_3_Sample_Flipped.jpeg",1
"912","DAVPIL4096","Stim_4_Counter_Sample.jpeg",1
"913","DAVPIL4096","Stim_4_Counter_Sample_Flipped.jpeg",1
"914","DAVPIL4096","Stim_4_Sample.jpeg",1
"915","DAVPIL4096","Stim_4_Sample_Flipped.jpeg",1
"916","DAVPIL4096","Stim_5_Counter_Sample.jpeg",1
"917","DAVPIL4096","Stim_5_Counter_Sample_Flipped.jpeg",1
"918","DAVPIL4096","Stim_5_Sample.jpeg",1
"919","DAVPIL4096","Stim_5_Sample_Flipped.jpeg",1
"920","DAVPIL4097","Stim_1_Counter_Sample.jpeg",1
"921","DAVPIL4097","Stim_1_Counter_Sample_Flipped.jpeg",1
"922","DAVPIL4097","Stim_1_Sample.jpeg",1
"923","DAVPIL4097","Stim_2_Counter_Sample.jpeg",1
"924","DAVPIL4097","Stim_2_Counter_Sample_Flipped.jpeg",1
"925","DAVPIL4097","Stim_2_Sample.jpeg",1
"926","DAVPIL4097","Stim_3_Counter_Sample.jpeg",1
"927","DAVPIL4097","Stim_3_Sample.jpeg",1
"928","DAVPIL4097","Stim_4_Counter_Sample.jpeg",1
"929","DAVPIL4097","Stim_4_Sample.jpeg",0
"930","DAVPIL4097","Stim_5_Counter_Sample.jpeg",1
"931","DAVPIL4097","Stim_5_Sample.jpeg",1
"932","DAVPIL4098","Stim_1_Counter_Sample.jpeg",1
"933","DAVPIL4098","Stim_1_Counter_Sample_Flipped.jpeg",1
"934","DAVPIL4098","Stim_1_Sample.jpeg",1
"935","DAVPIL4098","Stim_1_Sample_Flipped.jpeg",1
"936","DAVPIL4098","Stim_2_Counter_Sample.jpeg",1
"937","DAVPIL4098","Stim_2_Counter_Sample_Flipped.jpeg",1
"938","DAVPIL4098","Stim_2_Sample.jpeg",1
"939","DAVPIL4098","Stim_2_Sample_Flipped.jpeg",1
"940","DAVPIL4098","Stim_3_Counter_Sample.jpeg",1
"941","DAVPIL4098","Stim_3_Counter_Sample_Flipped.jpeg",1
"942","DAVPIL4098","Stim_3_Sample.jpeg",1
"943","DAVPIL4098","Stim_3_Sample_Flipped.jpeg",1
"944","DAVPIL4098","Stim_4_Counter_Sample.jpeg",1
"945","DAVPIL4098","Stim_4_Counter_Sample_Flipped.jpeg",1
"946","DAVPIL4098","Stim_4_Sample.jpeg",1
"947","DAVPIL4098","Stim_4_Sample_Flipped.jpeg",1
"948","DAVPIL4098","Stim_5_Counter_Sample.jpeg",1
"949","DAVPIL4098","Stim_5_Counter_Sample_Flipped.jpeg",1
"950","DAVPIL4098","Stim_5_Sample.jpeg",1
"951","DAVPIL4098","Stim_5_Sample_Flipped.jpeg",1
"952","DAVPIL4099","Stim_1_Counter_Sample.jpeg",1
"953","DAVPIL4099","Stim_1_Counter_Sample_Flipped.jpeg",1
"954","DAVPIL4099","Stim_1_Sample.jpeg",1
"955","DAVPIL4099","Stim_2_Counter_Sample.jpeg",1
"956","DAVPIL4099","Stim_2_Counter_Sample_Flipped.jpeg",1
"957","DAVPIL4099","Stim_2_Sample.jpeg",1
"958","DAVPIL4099","Stim_3_Counter_Sample.jpeg",1
"959","DAVPIL4099","Stim_3_Counter_Sample_Flipped.jpeg",1
"960","DAVPIL4099","Stim_3_Sample.jpeg",1
"961","DAVPIL4099","Stim_4_Counter_Sample.jpeg",1
"962","DAVPIL4099","Stim_4_Counter_Sample_Flipped.jpeg",1
"963","DAVPIL4099","Stim_4_Sample.jpeg",1
"964","DAVPIL4099","Stim_5_Counter_Sample.jpeg",1
"965","DAVPIL4099","Stim_5_Counter_Sample_Flipped.jpeg",1
"966","DAVPIL4099","Stim_5_Sample.jpeg",1
"967","DAVPIL4101","Stim_1_Counter_Sample.jpeg",1
"968","DAVPIL4101","Stim_1_Counter_Sample_Flipped.jpeg",1
"969","DAVPIL4101","Stim_1_Sample.jpeg",0
"970","DAVPIL4101","Stim_1_Sample_Flipped.jpeg",1
"971","DAVPIL4101","Stim_2_Counter_Sample.jpeg",1
"972","DAVPIL4101","Stim_2_Counter_Sample_Flipped.jpeg",1
"973","DAVPIL4101","Stim_2_Sample.jpeg",0
"974","DAVPIL4101","Stim_2_Sample_Flipped.jpeg",1
"975","DAVPIL4101","Stim_3_Counter_Sample.jpeg",1
"976","DAVPIL4101","Stim_3_Counter_Sample_Flipped.jpeg",0
"977","DAVPIL4101","Stim_3_Sample.jpeg",0
"978","DAVPIL4101","Stim_3_Sample_Flipped.jpeg",1
"979","DAVPIL4101","Stim_4_Counter_Sample.jpeg",1
"980","DAVPIL4101","Stim_4_Counter_Sample_Flipped.jpeg",1
"981","DAVPIL4101","Stim_4_Sample.jpeg",0
"982","DAVPIL4101","Stim_4_Sample_Flipped.jpeg",1
"983","DAVPIL4101","Stim_5_Counter_Sample.jpeg",1
"984","DAVPIL4101","Stim_5_Counter_Sample_Flipped.jpeg",1
"985","DAVPIL4101","Stim_5_Sample.jpeg",0
"986","DAVPIL4101","Stim_5_Sample_Flipped.jpeg",1
"987","DAVPIL4102","Stim_1_Counter_Sample.jpeg",1
"988","DAVPIL4102","Stim_1_Counter_Sample_Flipped.jpeg",1
"989","DAVPIL4102","Stim_1_Sample.jpeg",1
"990","DAVPIL4102","Stim_2_Counter_Sample.jpeg",1
"991","DAVPIL4102","Stim_2_Counter_Sample_Flipped.jpeg",1
"992","DAVPIL4102","Stim_2_Sample.jpeg",1
"993","DAVPIL4102","Stim_3_Counter_Sample.jpeg",1
"994","DAVPIL4102","Stim_3_Counter_Sample_Flipped.jpeg",1
"995","DAVPIL4102","Stim_3_Sample.jpeg",1
"996","DAVPIL4102","Stim_4_Counter_Sample.jpeg",1
"997","DAVPIL4102","Stim_4_Sample.jpeg",1
"998","DAVPIL4102","Stim_5_Counter_Sample.jpeg",1
"999","DAVPIL4102","Stim_5_Sample.jpeg",1
"1000","DAVPIL1043","Stim_1_Counter_Sample.jpeg",1
"1001","DAVPIL1043","Stim_2_Counter_Sample.jpeg",1
"1002","DAVPIL1043","Stim_3_Counter_Sample.jpeg",1
"1003","DAVPIL1043","Stim_4_Counter_Sample.jpeg",1
"1004","DAVPIL1043","Stim_5_Counter_Sample.jpeg",0
"1005","DAVPIL4104","Stim_1_Counter_Sample.jpeg",1
"1006","DAVPIL4104","Stim_1_Counter_Sample_Flipped.jpeg",1
"1007","DAVPIL4104","Stim_1_Sample.jpeg",0
"1008","DAVPIL4104","Stim_2_Counter_Sample.jpeg",1
"1009","DAVPIL4104","Stim_2_Counter_Sample_Flipped.jpeg",0
"1010","DAVPIL4104","Stim_2_Sample.jpeg",0
"1011","DAVPIL4104","Stim_3_Counter_Sample.jpeg",1
"1012","DAVPIL4104","Stim_3_Counter_Sample_Flipped.jpeg",1
"1013","DAVPIL4104","Stim_3_Sample.jpeg",1
"1014","DAVPIL4104","Stim_4_Counter_Sample.jpeg",1
"1015","DAVPIL4104","Stim_4_Sample.jpeg",0
"1016","DAVPIL4104","Stim_5_Counter_Sample.jpeg",0
"1017","DAVPIL4104","Stim_5_Sample.jpeg",0
"1018","DAVPIL4105","Stim_1_Counter_Sample.jpeg",1
"1019","DAVPIL4105","Stim_1_Counter_Sample_Flipped.jpeg",1
"1020","DAVPIL4105","Stim_1_Sample.jpeg",1
"1021","DAVPIL4105","Stim_1_Sample_Flipped.jpeg",1
"1022","DAVPIL4105","Stim_2_Counter_Sample.jpeg",1
"1023","DAVPIL4105","Stim_2_Counter_Sample_Flipped.jpeg",1
"1024","DAVPIL4105","Stim_2_Sample.jpeg",1
"1025","DAVPIL4105","Stim_2_Sample_Flipped.jpeg",1
"1026","DAVPIL4105","Stim_3_Counter_Sample.jpeg",1
"1027","DAVPIL4105","Stim_3_Counter_Sample_Flipped.jpeg",1
"1028","DAVPIL4105","Stim_3_Sample.jpeg",1
"1029","DAVPIL4105","Stim_3_Sample_Flipped.jpeg",1
"1030","DAVPIL4105","Stim_4_Counter_Sample.jpeg",1
"1031","DAVPIL4105","Stim_4_Counter_Sample_Flipped.jpeg",1
"1032","DAVPIL4105","Stim_4_Sample.jpeg",1
"1033","DAVPIL4105","Stim_4_Sample_Flipped.jpeg",1
"1034","DAVPIL4105","Stim_5_Counter_Sample.jpeg",1
"1035","DAVPIL4105","Stim_5_Counter_Sample_Flipped.jpeg",1
"1036","DAVPIL4105","Stim_5_Sample.jpeg",1
"1037","DAVPIL4105","Stim_5_Sample_Flipped.jpeg",1
"1038","DAVPIL4107","Stim_1_Counter_Sample.jpeg",1
"1039","DAVPIL4107","Stim_2_Counter_Sample.jpeg",1
"1040","DAVPIL4107","Stim_3_Counter_Sample.jpeg",1
"1041","DAVPIL4108","Stim_1_Counter_Sample.jpeg",1
"1042","DAVPIL4108","Stim_1_Counter_Sample_Flipped.jpeg",1
"1043","DAVPIL4108","Stim_1_Sample.jpeg",1
"1044","DAVPIL4108","Stim_1_Sample_Flipped.jpeg",1
"1045","DAVPIL4108","Stim_2_Counter_Sample.jpeg",1
"1046","DAVPIL4108","Stim_2_Counter_Sample_Flipped.jpeg",1
"1047","DAVPIL4108","Stim_2_Sample.jpeg",1
"1048","DAVPIL4108","Stim_2_Sample_Flipped.jpeg",1
"1049","DAVPIL4108","Stim_3_Counter_Sample.jpeg",1
"1050","DAVPIL4108","Stim_3_Counter_Sample_Flipped.jpeg",1
"1051","DAVPIL4108","Stim_3_Sample.jpeg",1
"1052","DAVPIL4108","Stim_3_Sample_Flipped.jpeg",1
"1053","DAVPIL4108","Stim_4_Counter_Sample.jpeg",1
"1054","DAVPIL4108","Stim_4_Counter_Sample_Flipped.jpeg",1
"1055","DAVPIL4108","Stim_4_Sample.jpeg",1
"1056","DAVPIL4108","Stim_4_Sample_Flipped.jpeg",1
"1057","DAVPIL4108","Stim_5_Counter_Sample.jpeg",1
"1058","DAVPIL4108","Stim_5_Counter_Sample_Flipped.jpeg",0
"1059","DAVPIL4108","Stim_5_Sample.jpeg",1
"1060","DAVPIL4108","Stim_5_Sample_Flipped.jpeg",1
"1061","DAVPIL4109","Stim_1_Counter_Sample.jpeg",1
"1062","DAVPIL4109","Stim_1_Counter_Sample_Flipped.jpeg",0
"1063","DAVPIL4109","Stim_1_Sample.jpeg",1
"1064","DAVPIL4109","Stim_2_Counter_Sample.jpeg",1
"1065","DAVPIL4109","Stim_2_Counter_Sample_Flipped.jpeg",1
"1066","DAVPIL4109","Stim_2_Sample.jpeg",1
"1067","DAVPIL4109","Stim_3_Counter_Sample.jpeg",1
"1068","DAVPIL4109","Stim_3_Counter_Sample_Flipped.jpeg",1
"1069","DAVPIL4109","Stim_3_Sample.jpeg",1
"1070","DAVPIL4109","Stim_4_Counter_Sample.jpeg",1
"1071","DAVPIL4109","Stim_4_Counter_Sample_Flipped.jpeg",1
"1072","DAVPIL4109","Stim_4_Sample.jpeg",1
"1073","DAVPIL4109","Stim_5_Counter_Sample.jpeg",1
"1074","DAVPIL4109","Stim_5_Counter_Sample_Flipped.jpeg",1
"1075","DAVPIL4109","Stim_5_Sample.jpeg",1
"1076","DAVPIL4110","Stim_1_Counter_Sample.jpeg",1
"1077","DAVPIL4110","Stim_1_Counter_Sample_Flipped.jpeg",1
"1078","DAVPIL4110","Stim_1_Sample.jpeg",1
"1079","DAVPIL4110","Stim_2_Counter_Sample.jpeg",0
"1080","DAVPIL4110","Stim_2_Counter_Sample_Flipped.jpeg",1
"1081","DAVPIL4110","Stim_2_Sample.jpeg",1
"1082","DAVPIL4110","Stim_3_Counter_Sample.jpeg",1
"1083","DAVPIL4110","Stim_3_Counter_Sample_Flipped.jpeg",1
"1084","DAVPIL4110","Stim_3_Sample.jpeg",1
"1085","DAVPIL4110","Stim_4_Counter_Sample.jpeg",1
"1086","DAVPIL4110","Stim_4_Sample.jpeg",1
"1087","DAVPIL4110","Stim_5_Counter_Sample.jpeg",1
"1088","DAVPIL4110","Stim_5_Sample.jpeg",1
"1089","DAVPIL4112","Stim_1_Counter_Sample.jpeg",1
"1090","DAVPIL4112","Stim_1_Counter_Sample_Flipped.jpeg",1
"1091","DAVPIL4112","Stim_1_Sample.jpeg",1
"1092","DAVPIL4112","Stim_1_Sample_Flipped.jpeg",1
"1093","DAVPIL4112","Stim_2_Counter_Sample.jpeg",1
"1094","DAVPIL4112","Stim_2_Counter_Sample_Flipped.jpeg",1
"1095","DAVPIL4112","Stim_2_Sample.jpeg",1
"1096","DAVPIL4112","Stim_2_Sample_Flipped.jpeg",1
"1097","DAVPIL4112","Stim_3_Counter_Sample.jpeg",1
"1098","DAVPIL4112","Stim_3_Counter_Sample_Flipped.jpeg",1
"1099","DAVPIL4112","Stim_3_Sample.jpeg",1
"1100","DAVPIL4112","Stim_3_Sample_Flipped.jpeg",1
"1101","DAVPIL4112","Stim_4_Counter_Sample.jpeg",1
"1102","DAVPIL4112","Stim_4_Counter_Sample_Flipped.jpeg",1
"1103","DAVPIL4112","Stim_4_Sample.jpeg",1
"1104","DAVPIL4112","Stim_4_Sample_Flipped.jpeg",1
"1105","DAVPIL4112","Stim_5_Counter_Sample.jpeg",1
"1106","DAVPIL4112","Stim_5_Counter_Sample_Flipped.jpeg",1
"1107","DAVPIL4112","Stim_5_Sample.jpeg",1
"1108","DAVPIL4112","Stim_5_Sample_Flipped.jpeg",1
"1109","DAVPIL4114","Stim_1_Counter_Sample.jpeg",1
"1110","DAVPIL4114","Stim_2_Counter_Sample.jpeg",1
"1111","DAVPIL4114","Stim_3_Counter_Sample.jpeg",1
"1112","DAVPIL4114","Stim_4_Counter_Sample.jpeg",1
"1113","DAVPIL4114","Stim_5_Counter_Sample.jpeg",1
"1114","DAVPIL4115","Stim_1_Counter_Sample.jpeg",1
"1115","DAVPIL4115","Stim_1_Counter_Sample_Flipped.jpeg",1
"1116","DAVPIL4115","Stim_1_Sample.jpeg",1
"1117","DAVPIL4115","Stim_2_Counter_Sample.jpeg",1
"1118","DAVPIL4115","Stim_2_Counter_Sample_Flipped.jpeg",1
"1119","DAVPIL4115","Stim_2_Sample.jpeg",1
"1120","DAVPIL4115","Stim_3_Counter_Sample.jpeg",1
"1121","DAVPIL4115","Stim_3_Counter_Sample_Flipped.jpeg",1
"1122","DAVPIL4115","Stim_3_Sample.jpeg",1
"1123","DAVPIL4115","Stim_4_Counter_Sample.jpeg",1
"1124","DAVPIL4115","Stim_4_Counter_Sample_Flipped.jpeg",1
"1125","DAVPIL4115","Stim_4_Sample.jpeg",1
"1126","DAVPIL4115","Stim_5_Counter_Sample.jpeg",1
"1127","DAVPIL4115","Stim_5_Counter_Sample_Flipped.jpeg",0
"1128","DAVPIL4115","Stim_5_Sample.jpeg",0
"1129","DAVPIL4116","Stim_1_Counter_Sample.jpeg",0
"1130","DAVPIL4116","Stim_2_Counter_Sample.jpeg",0
"1131","DAVPIL4116","Stim_3_Counter_Sample.jpeg",0
"1132","DAVPIL4116","Stim_4_Counter_Sample.jpeg",0
"1133","DAVPIL4116","Stim_5_Counter_Sample.jpeg",0
"1134","DAVPIL4117","Stim_1_Counter_Sample.jpeg",1
"1135","DAVPIL4117","Stim_1_Counter_Sample_Flipped.jpeg",1
"1136","DAVPIL4117","Stim_1_Sample.jpeg",1
"1137","DAVPIL4117","Stim_2_Counter_Sample.jpeg",1
"1138","DAVPIL4117","Stim_2_Counter_Sample_Flipped.jpeg",1
"1139","DAVPIL4117","Stim_2_Sample.jpeg",1
"1140","DAVPIL4117","Stim_3_Counter_Sample.jpeg",1
"1141","DAVPIL4117","Stim_3_Counter_Sample_Flipped.jpeg",1
"1142","DAVPIL4117","Stim_3_Sample.jpeg",0
"1143","DAVPIL4117","Stim_4_Counter_Sample.jpeg",1
"1144","DAVPIL4117","Stim_4_Counter_Sample_Flipped.jpeg",1
"1145","DAVPIL4117","Stim_4_Sample.jpeg",1
"1146","DAVPIL4117","Stim_5_Counter_Sample.jpeg",1
"1147","DAVPIL4117","Stim_5_Counter_Sample_Flipped.jpeg",1
"1148","DAVPIL4117","Stim_5_Sample.jpeg",1
"1149","DAVPIL4118","Stim_1_Counter_Sample.jpeg",1
"1150","DAVPIL4118","Stim_2_Counter_Sample.jpeg",1
"1151","DAVPIL4118","Stim_3_Counter_Sample.jpeg",0
"1152","DAVPIL4118","Stim_4_Counter_Sample.jpeg",1
"1153","DAVPIL4118","Stim_5_Counter_Sample.jpeg",0
"1154","DAVPIL4119","Stim_1_Counter_Sample.jpeg",1
"1155","DAVPIL4119","Stim_1_Counter_Sample_Flipped.jpeg",1
"1156","DAVPIL4119","Stim_1_Sample.jpeg",1
"1157","DAVPIL4119","Stim_1_Sample_Flipped.jpeg",1
"1158","DAVPIL4119","Stim_2_Counter_Sample.jpeg",1
"1159","DAVPIL4119","Stim_2_Counter_Sample_Flipped.jpeg",1
"1160","DAVPIL4119","Stim_2_Sample.jpeg",1
"1161","DAVPIL4119","Stim_2_Sample_Flipped.jpeg",1
"1162","DAVPIL4119","Stim_3_Counter_Sample.jpeg",1
"1163","DAVPIL4119","Stim_3_Counter_Sample_Flipped.jpeg",1
"1164","DAVPIL4119","Stim_3_Sample.jpeg",1
"1165","DAVPIL4119","Stim_3_Sample_Flipped.jpeg",1
"1166","DAVPIL4119","Stim_4_Counter_Sample.jpeg",1
"1167","DAVPIL4119","Stim_4_Counter_Sample_Flipped.jpeg",1
"1168","DAVPIL4119","Stim_4_Sample.jpeg",1
"1169","DAVPIL4119","Stim_4_Sample_Flipped.jpeg",1
"1170","DAVPIL4119","Stim_5_Counter_Sample.jpeg",1
"1171","DAVPIL4119","Stim_5_Counter_Sample_Flipped.jpeg",1
"1172","DAVPIL4119","Stim_5_Sample.jpeg",1
"1173","DAVPIL4119","Stim_5_Sample_Flipped.jpeg",1
"1174","DAVPIL4120","Stim_1_Counter_Sample.jpeg",1
"1175","DAVPIL4120","Stim_1_Counter_Sample_Flipped.jpeg",1
"1176","DAVPIL4120","Stim_1_Sample.jpeg",1
"1177","DAVPIL4120","Stim_1_Sample_Flipped.jpeg",1
"1178","DAVPIL4120","Stim_2_Counter_Sample.jpeg",1
"1179","DAVPIL4120","Stim_2_Counter_Sample_Flipped.jpeg",1
"1180","DAVPIL4120","Stim_2_Sample.jpeg",1
"1181","DAVPIL4120","Stim_2_Sample_Flipped.jpeg",1
"1182","DAVPIL4120","Stim_3_Counter_Sample.jpeg",1
"1183","DAVPIL4120","Stim_3_Counter_Sample_Flipped.jpeg",1
"1184","DAVPIL4120","Stim_3_Sample.jpeg",1
"1185","DAVPIL4120","Stim_3_Sample_Flipped.jpeg",1
"1186","DAVPIL4120","Stim_4_Counter_Sample.jpeg",1
"1187","DAVPIL4120","Stim_4_Counter_Sample_Flipped.jpeg",1
"1188","DAVPIL4120","Stim_4_Sample.jpeg",1
"1189","DAVPIL4120","Stim_4_Sample_Flipped.jpeg",1
"1190","DAVPIL4120","Stim_5_Counter_Sample.jpeg",1
"1191","DAVPIL4120","Stim_5_Counter_Sample_Flipped.jpeg",1
"1192","DAVPIL4120","Stim_5_Sample.jpeg",1
"1193","DAVPIL4120","Stim_5_Sample_Flipped.jpeg",1
"1194","DAVPIL4121","Stim_1_Counter_Sample.jpeg",1
"1195","DAVPIL4121","Stim_1_Sample.jpeg",1
"1196","DAVPIL4121","Stim_2_Counter_Sample.jpeg",1
"1197","DAVPIL4121","Stim_2_Sample.jpeg",1
"1198","DAVPIL4121","Stim_3_Counter_Sample.jpeg",1
"1199","DAVPIL4121","Stim_3_Sample.jpeg",1
"1200","DAVPIL4121","Stim_4_Counter_Sample.jpeg",1
"1201","DAVPIL4121","Stim_4_Sample.jpeg",1
"1202","DAVPIL4121","Stim_5_Counter_Sample.jpeg",1
"1203","DAVPIL4121","Stim_5_Sample.jpeg",1
"1204","DAVPIL4122","Stim_1_Counter_Sample.jpeg",1
"1205","DAVPIL4122","Stim_1_Counter_Sample_Flipped.jpeg",1
"1206","DAVPIL4122","Stim_1_Sample.jpeg",1
"1207","DAVPIL4122","Stim_1_Sample_Flipped.jpeg",1
"1208","DAVPIL4122","Stim_2_Counter_Sample.jpeg",1
"1209","DAVPIL4122","Stim_2_Counter_Sample_Flipped.jpeg",1
"1210","DAVPIL4122","Stim_2_Sample.jpeg",1
"1211","DAVPIL4122","Stim_2_Sample_Flipped.jpeg",1
"1212","DAVPIL4122","Stim_3_Counter_Sample.jpeg",1
"1213","DAVPIL4122","Stim_3_Counter_Sample_Flipped.jpeg",1
"1214","DAVPIL4122","Stim_3_Sample.jpeg",1
"1215","DAVPIL4122","Stim_3_Sample_Flipped.jpeg",1
"1216","DAVPIL4122","Stim_4_Counter_Sample.jpeg",1
"1217","DAVPIL4122","Stim_4_Counter_Sample_Flipped.jpeg",1
"1218","DAVPIL4122","Stim_4_Sample.jpeg",1
"1219","DAVPIL4122","Stim_4_Sample_Flipped.jpeg",1
"1220","DAVPIL4122","Stim_5_Counter_Sample.jpeg",1
"1221","DAVPIL4122","Stim_5_Counter_Sample_Flipped.jpeg",1
"1222","DAVPIL4122","Stim_5_Sample.jpeg",1
"1223","DAVPIL4122","Stim_5_Sample_Flipped.jpeg",1
"1224","DAVPIL4123","Stim_1_Counter_Sample.jpeg",1
"1225","DAVPIL4123","Stim_1_Counter_Sample_Flipped.jpeg",1
"1226","DAVPIL4123","Stim_1_Sample.jpeg",1
"1227","DAVPIL4123","Stim_1_Sample_Flipped.jpeg",1
"1228","DAVPIL4123","Stim_2_Counter_Sample.jpeg",1
"1229","DAVPIL4123","Stim_2_Counter_Sample_Flipped.jpeg",1
"1230","DAVPIL4123","Stim_2_Sample.jpeg",1
"1231","DAVPIL4123","Stim_2_Sample_Flipped.jpeg",1
"1232","DAVPIL4123","Stim_3_Counter_Sample.jpeg",1
"1233","DAVPIL4123","Stim_3_Counter_Sample_Flipped.jpeg",1
"1234","DAVPIL4123","Stim_3_Sample.jpeg",1
"1235","DAVPIL4123","Stim_3_Sample_Flipped.jpeg",1
"1236","DAVPIL4123","Stim_4_Counter_Sample.jpeg",1
"1237","DAVPIL4123","Stim_4_Counter_Sample_Flipped.jpeg",1
"1238","DAVPIL4123","Stim_4_Sample.jpeg",1
"1239","DAVPIL4123","Stim_4_Sample_Flipped.jpeg",1
"1240","DAVPIL4123","Stim_5_Counter_Sample.jpeg",1
"1241","DAVPIL4123","Stim_5_Counter_Sample_Flipped.jpeg",1
"1242","DAVPIL4123","Stim_5_Sample.jpeg",1
"1243","DAVPIL4123","Stim_5_Sample_Flipped.jpeg",1
"1244","DAVPIL4125","Stim_1_Counter_Sample.jpeg",1
"1245","DAVPIL4125","Stim_1_Sample.jpeg",1
"1246","DAVPIL4125","Stim_2_Counter_Sample.jpeg",0
"1247","DAVPIL4125","Stim_2_Sample.jpeg",1
"1248","DAVPIL4125","Stim_3_Counter_Sample.jpeg",1
"1249","DAVPIL4125","Stim_3_Sample.jpeg",1
"1250","DAVPIL4125","Stim_4_Counter_Sample.jpeg",1
"1251","DAVPIL4125","Stim_4_Sample.jpeg",1
"1252","DAVPIL4125","Stim_5_Counter_Sample.jpeg",1
"1253","DAVPIL4125","Stim_5_Sample.jpeg",0
